Vilage,Subdistrics,City
Balungbang Jaya, Bogor Barat, Bogor (halaman belum tersedia)
Bubulak, Bogor Barat, Bogor
Cilendek Barat, Bogor Barat, Bogor
Cilendek Timur, Bogor Barat, Bogor
Curug, Bogor Barat, Bogor
Curug Mekar, Bogor Barat, Bogor (halaman belum tersedia)
Gunung Batu, Bogor Barat, Bogor (halaman belum tersedia)
Loji, Bogor Barat, Bogor
Marga Jaya, Bogor Barat, Bogor (halaman belum tersedia)
Menteng, Bogor Barat, Bogor
Pasir Jaya, Bogor Barat, Bogor (halaman belum tersedia)
Pasir Kuda, Bogor Barat, Bogor (halaman belum tersedia)
Pasir Mulya, Bogor Barat, Bogor (halaman belum tersedia)
Semplak, Bogor Barat, Bogor
Sindang Barang, Bogor Barat, Bogor (halaman belum tersedia)
Situ Gede, Bogor Barat, Bogor (halaman belum tersedia)
Bogor Selatan, Bogor,
Batu Tulis, Bogor Selatan, Bogor (halaman belum tersedia)
Bojong Kerta, Bogor Selatan, Bogor (halaman belum tersedia)
Bondongan, Bogor Selatan, Bogor
Cikaret, Bogor Selatan, Bogor
Cipaku, Bogor Selatan, Bogor
Empang, Bogor Selatan, Bogor
Genteng, Bogor Selatan, Bogor
Harjasari, Bogor Selatan, Bogor
Kertamaya, Bogor Selatan, Bogor
Lawang Gintung, Bogor Selatan, Bogor (halaman belum tersedia)
Muarasari, Bogor Selatan, Bogor
Mulyaharja, Bogor Selatan, Bogor
Pakuan, Bogor Selatan, Bogor
Pamoyanan, Bogor Selatan, Bogor
Rancamaya, Bogor Selatan, Bogor
Ranggamekar, Bogor Selatan, Bogor
Bogor Tengah, Bogor,
Babakan, Bogor Tengah, Bogor
Babakan Pasar, Bogor Tengah, Bogor (halaman belum tersedia)
Cibogor, Bogor Tengah, Bogor
Ciwaringin, Bogor Tengah, Bogor
Gudang, Bogor Tengah, Bogor
Kebon Kelapa, Bogor Tengah, Bogor (halaman belum tersedia)
Pabaton, Bogor Tengah, Bogor
Paledang, Bogor Tengah, Bogor
Panaragan, Bogor Tengah, Bogor
Sempur, Bogor Tengah, Bogor
Tegal Lega, Bogor Tengah, Bogor (halaman belum tersedia)
Bogor Timur, Bogor,
Baranangsiang, Bogor Timur, Bogor
Katulampa, Bogor Timur, Bogor
Sindangrasa, Bogor Timur, Bogor
Sindangsari, Bogor Timur, Bogor
Sukasari, Bogor Timur, Bogor
Tajur, Bogor Timur, Bogor
Bogor Utara, Bogor,
Bantar Jati, Bogor Utara, Bogor (halaman belum tersedia)
Cibuluh, Bogor Utara, Bogor
Ciluar, Bogor Utara, Bogor
Cimahpar, Bogor Utara, Bogor
Ciparigi, Bogor Utara, Bogor
Kedung Halang, Bogor Utara, Bogor (halaman belum tersedia)
Tanah Baru, Bogor Utara, Bogor (halaman belum tersedia)
Tegal Gundil, Bogor Utara, Bogor (halaman belum tersedia)
Tanah Sareal, Bogor,
Cibadak, Tanah Sareal, Bogor
Kayu Manis, Tanah Sareal, Bogor (halaman belum tersedia)
Kebon Pedes, Tanah Sareal, Bogor (halaman belum tersedia)
Kedung Badak, Tanah Sareal, Bogor (halaman belum tersedia)
Kedung Jaya, Tanah Sareal, Bogor (halaman belum tersedia)
Kedung Waringin, Tanah Sareal, Bogor (halaman belum tersedia)
Kencana, Tanah Sareal, Bogor
Mekar Wangi, Tanah Sareal, Bogor (halaman belum tersedia)
Sukadamai, Tanah Sareal, Bogor
Sukaresmi, Tanah Sareal, Bogor
Tanah Sareal, Tanah Sareal, Bogor (halaman belum tersedia)
